{
  "command": [
    {
      "name": "pseudokick",
      "actions": [
        {
          "name": "subject user 1",
          "category": "Variable",
          "type": "Store Value in Variable",
          "varname": "subjectuser",
          "vartype": "Text",
          "savevartype": "temp",
          "param": "1"
        },
        {
          "name": "binch",
          "category": "Message",
          "type": "Send Message",
          "channelname": "${dbsVars.CommandChannel.id}",
          "messagetext": "<@${dbsVars.CommandAuthor.id}> has kicked ${tempVars.subjectuser}",
          "savetovariable": "",
          "savetovariabletype": "temp"
        }
      ]
    },
    {
      "name": "kick",
      "actions": [
        {
          "name": "permcheck",
          "category": "User Action",
          "type": "Check User Permissions",
          "trueActions": [
            {
              "name": "subject user 2",
              "category": "Variable",
              "type": "Get Mentioned User",
              "varname": "subjectt",
              "vartype": "User",
              "savevartype": "temp"
            },
            {
              "name": "reason1",
              "category": "Variable",
              "type": "Store Value in Variable",
              "varname": "reason",
              "vartype": "Text",
              "savevartype": "temp",
              "param": "0"
            },
            {
              "name": "kick user",
              "category": "User Action",
              "type": "Kick User",
              "user": "${tempVars.subjectt.id}",
              "reason": "${tempVars.reason}"
            }
          ],
          "falseActions": [
            {
              "name": "noperms",
              "category": "Message",
              "type": "Send Message",
              "channelname": "${dbsVars.CommandChannel.id}",
              "messagetext": "Error: Your roles lack the ability to kick members!",
              "savetovariable": "",
              "savetovariabletype": "temp"
            }
          ],
          "user": "${dbsVars.CommandAuthor.id}",
          "permissions": [
            "KICK_MEMBERS"
          ]
        }
      ]
    },
    {
      "name": "ban",
      "actions": [
        {
          "name": "permcheckban",
          "category": "User Action",
          "type": "Check User Permissions",
          "trueActions": [
            {
              "name": "subject user 3",
              "category": "Variable",
              "type": "Get Mentioned User",
              "varname": "subject",
              "vartype": "User",
              "savevartype": "temp"
            },
            {
              "name": "reason2",
              "category": "Variable",
              "type": "Store Value in Variable",
              "varname": "reasonb",
              "vartype": "Text",
              "savevartype": "temp",
              "param": "0"
            },
            {
              "name": "banuser",
              "category": "User Action",
              "type": "Ban User",
              "user": "${tempVars.subject.id}",
              "reason": "${tempVars.reasonb}",
              "days": ""
            }
          ],
          "falseActions": [
            {
              "name": "ban perms",
              "category": "Message",
              "type": "Send Message",
              "channelname": "${dbsVars.CommandChannel.id}",
              "messagetext": "Error: Your roles lack the ability to ban members!",
              "savetovariable": "",
              "savetovariabletype": "temp"
            }
          ],
          "user": "${dbsVars.CommandAuthor.id}",
          "permissions": [
            "BAN_MEMBERS"
          ]
        }
      ]
    },
    {
      "name": "balance",
      "actions": [
        {
          "name": "1 thot",
          "category": "User Data",
          "type": "Get User Data",
          "user": "${dbsVars.CommandAuthor.id}",
          "field": "mun",
          "varname": "balance",
          "savevartype": "temp",
          "vartype": "User"
        },
        {
          "name": "2thot",
          "category": "Message",
          "type": "Send Message",
          "channelname": "${dbsVars.CommandChannel.id}",
          "messagetext": "You currently have ¥${tempVars.balance}.",
          "savetovariable": "",
          "savetovariabletype": "temp"
        }
      ]
    },
    {
      "name": "botrule",
      "actions": [
        {
          "name": "I don't make the rules",
          "category": "User Action",
          "type": "Check User Permissions",
          "trueActions": [
            {
              "name": "botrule store",
              "category": "Variable",
              "type": "Store Value in Variable",
              "varname": "botrule",
              "vartype": "Text",
              "savevartype": "temp",
              "param": "1"
            },
            {
              "name": "cashincrement",
              "category": "Variable",
              "type": "Check Variable Value",
              "trueActions": [
                {
                  "name": "numb",
                  "category": "Variable",
                  "type": "Store Value in Variable",
                  "varname": "incremental",
                  "vartype": "Number",
                  "savevartype": "server",
                  "param": "2"
                },
                {
                  "name": "res",
                  "category": "Message",
                  "type": "Send Message",
                  "channelname": "${dbsVars.CommandChannel.id}",
                  "messagetext": "Money per message has been set to ${serverVars.incremental}",
                  "savetovariable": "",
                  "savetovariabletype": "temp"
                }
              ],
              "falseActions": [
                {
                  "name": "welcomechannel",
                  "category": "Variable",
                  "type": "Check Variable Value",
                  "trueActions": [
                    {
                      "name": "welccchannel",
                      "category": "Variable",
                      "type": "Store Value in Variable",
                      "varname": "channel2",
                      "vartype": "Number",
                      "savevartype": "server",
                      "param": "2"
                    },
                    {
                      "name": "confirmation",
                      "category": "Message",
                      "type": "Send Message",
                      "channelname": "${dbsVars.CommandChannel.id}",
                      "messagetext": "I set the command channel to <@#${serverVars.channel2}>. Is that okay?",
                      "savetovariable": "",
                      "savetovariabletype": "temp"
                    }
                  ],
                  "falseActions": [],
                  "varname": "botrule",
                  "savevartype": "temp",
                  "compare": "equal to",
                  "value": "welcomechannel"
                }
              ],
              "varname": "botrule",
              "savevartype": "temp",
              "compare": "equal to",
              "value": "cashincrement"
            }
          ],
          "falseActions": [
            {
              "name": "wait yes I do",
              "category": "Message",
              "type": "Send Message",
              "channelname": "${dbsVars.CommandChannel.id}",
              "messagetext": "Error: You need administrator roles for this!",
              "savetovariable": "",
              "savetovariabletype": "temp"
            }
          ],
          "user": "${dbsVars.CommandAuthor.id}",
          "permissions": [
            "ADMINISTRATOR"
          ]
        }
      ]
    },
    {
      "name": "pay",
      "actions": [
        {
          "name": "reciever",
          "category": "Variable",
          "type": "Get Mentioned User",
          "varname": "reciever",
          "vartype": "User",
          "savevartype": "temp"
        },
        {
          "name": "get flow",
          "category": "Variable",
          "type": "Store Value in Variable",
          "varname": "flow",
          "vartype": "Number",
          "savevartype": "temp",
          "param": "2"
        },
        {
          "name": "check flow is positive",
          "category": "Variable",
          "type": "Check Variable Value",
          "trueActions": [
            {
              "name": "check adequate funds",
              "category": "User Data",
              "type": "Check User Data",
              "trueActions": [
                {
                  "name": "remove mun",
                  "category": "User Data",
                  "type": "Edit User Data",
                  "user": "${dbsVars.CommandAuthor.id}",
                  "field": "mun",
                  "oper": "-",
                  "value": "${tempVars.flow}"
                },
                {
                  "name": "give mun",
                  "category": "User Data",
                  "type": "Edit User Data",
                  "user": "${tempVars.reciever.id}",
                  "field": "mun",
                  "oper": "+",
                  "value": "${tempVars.flow}"
                },
                {
                  "name": "success",
                  "category": "Message",
                  "type": "Send Message",
                  "channelname": "${dbsVars.CommandChannel.id}",
                  "messagetext": "<@${dbsVars.CommandAuthor.id}> has paid ¥${tempVars.flow} to <@${tempVars.reciever.id}>!",
                  "savetovariable": "",
                  "savetovariabletype": "temp"
                }
              ],
              "falseActions": [
                {
                  "name": "haha poor",
                  "category": "Message",
                  "type": "Send Message",
                  "channelname": "${dbsVars.CommandChannel.id}",
                  "messagetext": "Uh... You don't seem to have enough funds for that...",
                  "savetovariable": "",
                  "savetovariabletype": "temp"
                }
              ],
              "user": "${dbsVars.CommandAuthor.id}",
              "field": "mun",
              "compare": "greater than",
              "value": "${tempVars.flow}"
            }
          ],
          "falseActions": [
            {
              "name": "don't steal, kids",
              "category": "Message",
              "type": "Send Message",
              "channelname": "${dbsVars.CommandChannel.id}",
              "messagetext": "I see what you're trying to do, and I don't like it.",
              "savetovariable": "",
              "savetovariabletype": "temp"
            }
          ],
          "varname": "flow",
          "savevartype": "temp",
          "compare": "greater than",
          "value": "0"
        }
      ]
    },
    {
      "name": "echo",
      "actions": [
        {
          "name": "echoes",
          "category": "Variable",
          "type": "Store Value in Variable",
          "varname": "echovariable",
          "vartype": "Text",
          "savevartype": "temp",
          "param": "0"
        },
        {
          "name": "e",
          "category": "Channel Action",
          "type": "Delete All Messages",
          "channelname": "${dbsVars.CommandChannel.id}",
          "msgcount": "1"
        },
        {
          "name": "echoing",
          "category": "Message",
          "type": "Send Message",
          "channelname": "${dbsVars.CommandChannel.id}",
          "messagetext": "${tempVars.echovariable}",
          "savetovariable": "",
          "savetovariabletype": "temp"
        }
      ]
    },
    {
      "name": "clear",
      "actions": [
        {
          "name": "permcheckclear",
          "category": "User Action",
          "type": "Check User Permissions",
          "trueActions": [
            {
              "name": "clear#",
              "category": "Variable",
              "type": "Store Value in Variable",
              "varname": "numb",
              "vartype": "Number",
              "savevartype": "temp",
              "param": "1"
            },
            {
              "name": "add1",
              "category": "Variable",
              "type": "Edit Variable",
              "varname": "numb",
              "savevartype": "temp",
              "oper": "+",
              "value": "1"
            },
            {
              "name": "a paris a paname",
              "category": "Variable",
              "type": "Check Variable Value",
              "trueActions": [
                {
                  "name": "error",
                  "category": "Message",
                  "type": "Send Message",
                  "channelname": "${dbsVars.CommandChannel.id}",
                  "messagetext": "Error: You can only delete 99 messages at a time!",
                  "savetovariable": "",
                  "savetovariabletype": "temp"
                }
              ],
              "falseActions": [
                {
                  "name": "clear2",
                  "category": "Channel Action",
                  "type": "Delete All Messages",
                  "channelname": "${dbsVars.CommandChannel.id}",
                  "msgcount": "${tempVars.numb}"
                }
              ],
              "varname": "numb",
              "savevartype": "temp",
              "compare": "greater than",
              "value": "100"
            }
          ],
          "falseActions": [
            {
              "name": "errrorororororroereiroeroereoreortjsoihbgwurbgsne",
              "category": "Message",
              "type": "Send Message",
              "channelname": "${dbsVars.CommandChannel.id}",
              "messagetext": "Error: Your roles lack the ability to manage messages!",
              "savetovariable": "",
              "savetovariabletype": "temp"
            }
          ],
          "user": "${dbsVars.CommandAuthor.id}",
          "permissions": [
            "MANAGE_MESSAGES"
          ]
        }
      ]
    }
  ]
}