{
  "command": [
    {
      "name": "User Joins Server",
      "perms": [],
      "actions": [
        {
          "name": "welcome",
          "category": "Message",
          "type": "Send Message",
          "channelname": "${serverVars.channel2}",
          "messagetext": "Welcome to the server, <@${tempVars.newuser.id}>!",
          "savetovariable": "",
          "savetovariabletype": "temp"
        }
      ],
      "var": {
        "user": "newuser"
      }
    },
    {
      "name": "Any Message",
      "perms": [],
      "actions": [
        {
          "name": "go to horny mun jail",
          "category": "User Data",
          "type": "Edit User Data",
          "user": "${tempVars.msguser.id}",
          "field": "mun",
          "oper": "+",
          "value": "${serverVars.incremental}"
        }
      ],
      "var": {
        "user": "msguser"
      }
    },
    {
      "name": "User Kicked",
      "perms": [],
      "actions": [],
      "var": {
        "user": "kickuser"
      }
    },
    {
      "name": "User Banned",
      "perms": [],
      "actions": [],
      "var": {
        "user": "banuser"
      }
    },
    {
      "name": "Bot Initialization",
      "perms": [],
      "actions": [],
      "var": {}
    }
  ]
}