{
  "nodes": [
    {
      "type": "event",
      "name": "User Joins Server",
      "guid": "49ebbc23-2903-4f05-ab69-bc9ecb4f067e",
      "variables": {
        "user": "newuser"
      },
      "outputs": [
        {
          "label": "responses",
          "connections": [
            "1c4736da-8ab4-4b3e-91e7-0f81313a1331"
          ]
        }
      ],
      "x": 99,
      "y": 100,
      "perms": []
    },
    {
      "type": "event",
      "name": "Any Message",
      "guid": "49ebbc23-2903-4f05-ab69-bc9ecb4f8888",
      "variables": {
        "user": "msguser"
      },
      "outputs": [
        {
          "label": "responses",
          "connections": [
            "cec6f6ba-2eb2-4b3f-bcf8-85a0ffc6a907"
          ]
        }
      ],
      "x": 101,
      "y": 499,
      "perms": []
    },
    {
      "type": "event",
      "name": "User Kicked",
      "guid": "69ebbc23-2903-4f05-ab69-bc9ecb4f067e",
      "variables": {
        "user": "kickuser"
      },
      "outputs": [
        {
          "label": "responses",
          "connections": []
        }
      ],
      "x": 99,
      "y": 250,
      "perms": []
    },
    {
      "type": "event",
      "name": "User Banned",
      "guid": "77ebbc23-2003-4f05-ab69-bc9ecb4f067e",
      "variables": {
        "user": "banuser"
      },
      "outputs": [
        {
          "label": "responses",
          "connections": []
        }
      ],
      "x": 100,
      "y": 375,
      "perms": []
    },
    {
      "type": "event",
      "name": "Bot Initialization",
      "guid": "0101bc23-2003-4f05-ab69-bc9ecb4f067e",
      "variables": {},
      "outputs": [
        {
          "label": "responses",
          "connections": []
        }
      ],
      "x": 100,
      "y": 625,
      "perms": []
    },
    {
      "type": "response",
      "name": "welcome",
      "guid": "1c4736da-8ab4-4b3e-91e7-0f81313a1331",
      "reactionFields": [],
      "embedfields": [],
      "outputs": [
        {
          "label": "next response",
          "connections": []
        }
      ],
      "inputs": [
        {
          "label": "trigger",
          "id": "49ebbc23-2903-4f05-ab69-bc9ecb4f067e"
        }
      ],
      "x": 278,
      "y": 97,
      "rtype": "Message",
      "rsubtype": "Send Message",
      "formdata": [
        "${serverVars.channel2}",
        "Welcome to the server, <@${tempVars.newuser.id}>!",
        "",
        "temp"
      ],
      "formnames": [
        "channelName",
        "messageText",
        "saveToVariable",
        "saveToVariableType"
      ]
    },
    {
      "type": "response",
      "name": "go to horny mun jail",
      "guid": "cec6f6ba-2eb2-4b3f-bcf8-85a0ffc6a907",
      "reactionFields": [],
      "embedfields": [],
      "outputs": [
        {
          "label": "next response",
          "connections": []
        }
      ],
      "inputs": [
        {
          "label": "trigger",
          "id": "49ebbc23-2903-4f05-ab69-bc9ecb4f8888"
        }
      ],
      "x": 279,
      "y": 468,
      "rtype": "User Data",
      "rsubtype": "Edit User Data",
      "formdata": [
        "${tempVars.msguser.id}",
        "mun",
        "+",
        "${serverVars.incremental}"
      ],
      "formnames": [
        "user",
        "field",
        "oper",
        "value"
      ]
    }
  ]
}