{
  "nodes": [
    {
      "type": "command",
      "name": "pseudokick",
      "guid": "3e8f6d91-0dc0-4662-b519-7f6fb6b1a82f",
      "outputs": [
        {
          "label": "responses",
          "connections": [
            "ead40cbb-83bd-4eb5-a734-285168184002"
          ]
        }
      ],
      "x": 15,
      "y": 63
    },
    {
      "type": "response",
      "name": "subject user 1",
      "guid": "ead40cbb-83bd-4eb5-a734-285168184002",
      "reactionFields": [],
      "embedfields": [],
      "saveToVariable": "subjectuser",
      "saveToVariableType": "temp",
      "outputs": [
        {
          "label": "next response",
          "connections": [
            "cce4db20-eda8-4c67-9b72-37ec9244c6d7"
          ]
        }
      ],
      "inputs": [
        {
          "label": "trigger",
          "id": "3e8f6d91-0dc0-4662-b519-7f6fb6b1a82f"
        }
      ],
      "x": 161,
      "y": 62,
      "rtype": "Variable",
      "rsubtype": "Store Value in Variable",
      "formdata": [
        "subjectuser",
        "Text",
        "temp",
        "1"
      ],
      "formnames": [
        "varname",
        "vartype",
        "saveVarType",
        "param"
      ]
    },
    {
      "type": "response",
      "name": "binch",
      "guid": "cce4db20-eda8-4c67-9b72-37ec9244c6d7",
      "reactionFields": [],
      "embedfields": [],
      "outputs": [
        {
          "label": "next response",
          "connections": []
        }
      ],
      "inputs": [
        {
          "label": "trigger",
          "id": "ead40cbb-83bd-4eb5-a734-285168184002"
        }
      ],
      "x": 308,
      "y": 92,
      "rtype": "Message",
      "rsubtype": "Send Message",
      "formdata": [
        "${dbsVars.CommandChannel.id}",
        "<@${dbsVars.CommandAuthor.id}> has kicked ${tempVars.subjectuser}",
        "",
        "temp"
      ],
      "formnames": [
        "channelName",
        "messageText",
        "saveToVariable",
        "saveToVariableType"
      ]
    },
    {
      "type": "command",
      "name": "kick",
      "guid": "17de3e4f-51fa-4102-9dae-e89dfbdbe953",
      "outputs": [
        {
          "label": "responses",
          "connections": [
            "47f99dbf-83b7-41ee-92e5-f82c4c0691f0"
          ]
        }
      ],
      "x": 15,
      "y": 202
    },
    {
      "type": "response",
      "name": "reason1",
      "guid": "f1851788-7b34-4403-a9f0-33413bb652e6",
      "reactionFields": [],
      "embedfields": [],
      "saveToVariable": "reason",
      "saveToVariableType": "temp",
      "outputs": [
        {
          "label": "next response",
          "connections": [
            "1a326679-5e2a-4297-90cc-7c961a5af11a"
          ]
        }
      ],
      "inputs": [
        {
          "label": "trigger",
          "id": "85280c50-570c-4e7f-9489-9b6132fec9a3"
        }
      ],
      "x": 462,
      "y": 266,
      "rtype": "Variable",
      "rsubtype": "Store Value in Variable",
      "formdata": [
        "reason",
        "Text",
        "temp",
        "0"
      ],
      "formnames": [
        "varname",
        "vartype",
        "saveVarType",
        "param"
      ]
    },
    {
      "type": "response",
      "name": "kick user",
      "guid": "1a326679-5e2a-4297-90cc-7c961a5af11a",
      "reactionFields": [],
      "embedfields": [],
      "outputs": [
        {
          "label": "next response",
          "connections": []
        }
      ],
      "inputs": [
        {
          "label": "trigger",
          "id": "f1851788-7b34-4403-a9f0-33413bb652e6"
        }
      ],
      "x": 611,
      "y": 299,
      "rtype": "User Action",
      "rsubtype": "Kick User",
      "formdata": [
        "${tempVars.subjectt.id}",
        "${tempVars.reason}"
      ],
      "formnames": [
        "user",
        "reason"
      ]
    },
    {
      "type": "response",
      "name": "subject user 2",
      "guid": "85280c50-570c-4e7f-9489-9b6132fec9a3",
      "reactionFields": [],
      "embedfields": [],
      "outputs": [
        {
          "label": "next response",
          "connections": [
            "f1851788-7b34-4403-a9f0-33413bb652e6"
          ]
        }
      ],
      "inputs": [
        {
          "label": "trigger",
          "id": "47f99dbf-83b7-41ee-92e5-f82c4c0691f0"
        }
      ],
      "x": 312,
      "y": 233,
      "rtype": "Variable",
      "rsubtype": "Get Mentioned User",
      "formdata": [
        "subjectt",
        "User",
        "temp"
      ],
      "formnames": [
        "varname",
        "vartype",
        "saveVarType"
      ]
    },
    {
      "type": "command",
      "name": "ban",
      "guid": "0963caec-90bc-40b1-869c-a363ed65e613",
      "outputs": [
        {
          "label": "responses",
          "connections": [
            "974926c2-86e3-4777-9623-7906745cc46f"
          ]
        }
      ],
      "x": 14,
      "y": 432
    },
    {
      "type": "response",
      "name": "subject user 3",
      "guid": "b9cf7e34-c79b-4d51-9742-204c71929cca",
      "reactionFields": [],
      "embedfields": [],
      "outputs": [
        {
          "label": "next response",
          "connections": [
            "f16fa145-6f99-4ecf-9272-2dc80c4cd9c5"
          ]
        }
      ],
      "inputs": [
        {
          "label": "trigger",
          "id": "974926c2-86e3-4777-9623-7906745cc46f"
        }
      ],
      "x": 309,
      "y": 464,
      "rtype": "Variable",
      "rsubtype": "Get Mentioned User",
      "formdata": [
        "subject",
        "User",
        "temp"
      ],
      "formnames": [
        "varname",
        "vartype",
        "saveVarType"
      ]
    },
    {
      "type": "response",
      "name": "reason2",
      "guid": "f16fa145-6f99-4ecf-9272-2dc80c4cd9c5",
      "reactionFields": [],
      "embedfields": [],
      "saveToVariable": "reasonb",
      "saveToVariableType": "temp",
      "outputs": [
        {
          "label": "next response",
          "connections": [
            "cb61b5fe-50e9-4d23-ac0a-7e15fa676cd6"
          ]
        }
      ],
      "inputs": [
        {
          "label": "trigger",
          "id": "b9cf7e34-c79b-4d51-9742-204c71929cca"
        }
      ],
      "x": 457,
      "y": 495,
      "rtype": "Variable",
      "rsubtype": "Store Value in Variable",
      "formdata": [
        "reasonb",
        "Text",
        "temp",
        "0"
      ],
      "formnames": [
        "varname",
        "vartype",
        "saveVarType",
        "param"
      ]
    },
    {
      "type": "response",
      "name": "banuser",
      "guid": "cb61b5fe-50e9-4d23-ac0a-7e15fa676cd6",
      "reactionFields": [],
      "embedfields": [],
      "outputs": [
        {
          "label": "next response",
          "connections": []
        }
      ],
      "inputs": [
        {
          "label": "trigger",
          "id": "f16fa145-6f99-4ecf-9272-2dc80c4cd9c5"
        }
      ],
      "x": 605,
      "y": 528,
      "rtype": "User Action",
      "rsubtype": "Ban User",
      "formdata": [
        "${tempVars.subject.id}",
        "${tempVars.reasonb}",
        ""
      ],
      "formnames": [
        "user",
        "reason",
        "days"
      ]
    },
    {
      "type": "response",
      "name": "permcheck",
      "guid": "47f99dbf-83b7-41ee-92e5-f82c4c0691f0",
      "reactionFields": [],
      "embedfields": [],
      "outputs": [
        {
          "label": "has perms",
          "connections": [
            "85280c50-570c-4e7f-9489-9b6132fec9a3"
          ]
        },
        {
          "label": "doesn't have perms",
          "connections": [
            "ad7b31f6-1bb6-43f3-9208-4173605c369e"
          ]
        }
      ],
      "inputs": [
        {
          "label": "trigger",
          "id": "17de3e4f-51fa-4102-9dae-e89dfbdbe953"
        }
      ],
      "x": 163,
      "y": 201,
      "rtype": "User Action",
      "rsubtype": "Check User Permissions",
      "formdata": [
        "${dbsVars.CommandAuthor.id}",
        [
          "KICK_MEMBERS"
        ]
      ],
      "formnames": [
        "user",
        "permissions"
      ]
    },
    {
      "type": "response",
      "name": "permcheckban",
      "guid": "974926c2-86e3-4777-9623-7906745cc46f",
      "reactionFields": [],
      "embedfields": [],
      "outputs": [
        {
          "label": "has perms",
          "connections": [
            "b9cf7e34-c79b-4d51-9742-204c71929cca"
          ]
        },
        {
          "label": "doesn't have perms",
          "connections": [
            "06b0d81d-0d10-4447-918c-35a40d67b620"
          ]
        }
      ],
      "inputs": [
        {
          "label": "trigger",
          "id": "0963caec-90bc-40b1-869c-a363ed65e613"
        }
      ],
      "x": 161,
      "y": 432,
      "rtype": "User Action",
      "rsubtype": "Check User Permissions",
      "formdata": [
        "${dbsVars.CommandAuthor.id}",
        [
          "BAN_MEMBERS"
        ]
      ],
      "formnames": [
        "user",
        "permissions"
      ]
    },
    {
      "type": "response",
      "name": "ban perms",
      "guid": "06b0d81d-0d10-4447-918c-35a40d67b620",
      "reactionFields": [],
      "embedfields": [],
      "outputs": [
        {
          "label": "next response",
          "connections": []
        }
      ],
      "inputs": [
        {
          "label": "trigger",
          "id": "974926c2-86e3-4777-9623-7906745cc46f"
        }
      ],
      "x": 310,
      "y": 496,
      "rtype": "Message",
      "rsubtype": "Send Message",
      "formdata": [
        "${dbsVars.CommandChannel.id}",
        "Error: Your roles lack the ability to ban members!",
        "",
        "temp"
      ],
      "formnames": [
        "channelName",
        "messageText",
        "saveToVariable",
        "saveToVariableType"
      ]
    },
    {
      "type": "response",
      "name": "noperms",
      "guid": "ad7b31f6-1bb6-43f3-9208-4173605c369e",
      "reactionFields": [],
      "embedfields": [],
      "outputs": [
        {
          "label": "next response",
          "connections": []
        }
      ],
      "inputs": [
        {
          "label": "trigger",
          "id": "47f99dbf-83b7-41ee-92e5-f82c4c0691f0"
        }
      ],
      "x": 311,
      "y": 265,
      "rtype": "Message",
      "rsubtype": "Send Message",
      "formdata": [
        "${dbsVars.CommandChannel.id}",
        "Error: Your roles lack the ability to kick members!",
        "",
        "temp"
      ],
      "formnames": [
        "channelName",
        "messageText",
        "saveToVariable",
        "saveToVariableType"
      ]
    },
    {
      "type": "command",
      "name": "balance",
      "guid": "16c306b2-0f7f-479d-bb8e-8a1d0b4e701b",
      "outputs": [
        {
          "label": "responses",
          "connections": [
            "5da0b11d-1628-40f5-8c2b-e64f1dbf4fe7"
          ]
        }
      ],
      "x": 14,
      "y": 1275
    },
    {
      "type": "response",
      "name": "1 thot",
      "guid": "5da0b11d-1628-40f5-8c2b-e64f1dbf4fe7",
      "reactionFields": [],
      "embedfields": [],
      "outputs": [
        {
          "label": "next response",
          "connections": [
            "9ce992e3-a783-4e6a-a9ac-20226bd4fa94"
          ]
        }
      ],
      "inputs": [
        {
          "label": "trigger",
          "id": "16c306b2-0f7f-479d-bb8e-8a1d0b4e701b"
        }
      ],
      "x": 162,
      "y": 1277,
      "rtype": "User Data",
      "rsubtype": "Get User Data",
      "formdata": [
        "${dbsVars.CommandAuthor.id}",
        "mun",
        "balance",
        "temp",
        "User"
      ],
      "formnames": [
        "user",
        "field",
        "varname",
        "saveVarType",
        "vartype"
      ]
    },
    {
      "type": "response",
      "name": "welccchannel",
      "guid": "3d797b13-925b-4781-b018-9fad38be790f",
      "reactionFields": [],
      "embedfields": [],
      "saveToVariable": "channel2",
      "saveToVariableType": "server",
      "outputs": [
        {
          "label": "next response",
          "connections": [
            "ee9624e8-7f34-452c-b0e5-17d777a69185"
          ]
        }
      ],
      "inputs": [
        {
          "label": "trigger",
          "id": "1aa5da5e-f67a-418b-adfc-7c246d72e447"
        }
      ],
      "x": 1770,
      "y": 357,
      "rtype": "Variable",
      "rsubtype": "Store Value in Variable",
      "formdata": [
        "channel2",
        "Number",
        "server",
        "2"
      ],
      "formnames": [
        "varname",
        "vartype",
        "saveVarType",
        "param"
      ]
    },
    {
      "type": "response",
      "name": "confirmation",
      "guid": "ee9624e8-7f34-452c-b0e5-17d777a69185",
      "reactionFields": [],
      "embedfields": [],
      "outputs": [
        {
          "label": "next response",
          "connections": []
        }
      ],
      "inputs": [
        {
          "label": "trigger",
          "id": "3d797b13-925b-4781-b018-9fad38be790f"
        }
      ],
      "x": 1917,
      "y": 391,
      "rtype": "Message",
      "rsubtype": "Send Message",
      "formdata": [
        "${dbsVars.CommandChannel.id}",
        "I set the command channel to <@#${serverVars.channel2}>. Is that okay?",
        "",
        "temp"
      ],
      "formnames": [
        "channelName",
        "messageText",
        "saveToVariable",
        "saveToVariableType"
      ]
    },
    {
      "type": "response",
      "name": "numb",
      "guid": "ab0d9a10-c506-4c37-87eb-b63d125028a4",
      "reactionFields": [],
      "embedfields": [],
      "saveToVariable": "incremental",
      "saveToVariableType": "server",
      "outputs": [
        {
          "label": "next response",
          "connections": [
            "93fcc30e-6084-4e01-860f-52148b9c4a3b"
          ]
        }
      ],
      "inputs": [
        {
          "label": "trigger",
          "id": "26825608-f87a-4dec-9e39-71797ea4a072"
        }
      ],
      "x": 1772,
      "y": 203,
      "rtype": "Variable",
      "rsubtype": "Store Value in Variable",
      "formdata": [
        "incremental",
        "Number",
        "server",
        "2"
      ],
      "formnames": [
        "varname",
        "vartype",
        "saveVarType",
        "param"
      ]
    },
    {
      "type": "command",
      "name": "botrule",
      "guid": "b3521a7b-2cc1-428d-b8d2-01d22e4a9209",
      "outputs": [
        {
          "label": "responses",
          "connections": [
            "e19e7318-6816-48c9-8676-77b00afbc754"
          ]
        }
      ],
      "x": 1174,
      "y": 111
    },
    {
      "type": "response",
      "name": "botrule store",
      "guid": "58187ccf-f7c1-4166-9ee9-1c3f879cddf3",
      "reactionFields": [],
      "embedfields": [],
      "saveToVariable": "botrule",
      "saveToVariableType": "temp",
      "outputs": [
        {
          "label": "next response",
          "connections": [
            "26825608-f87a-4dec-9e39-71797ea4a072"
          ]
        }
      ],
      "inputs": [
        {
          "label": "trigger",
          "id": "e19e7318-6816-48c9-8676-77b00afbc754"
        }
      ],
      "x": 1473,
      "y": 143,
      "rtype": "Variable",
      "rsubtype": "Store Value in Variable",
      "formdata": [
        "botrule",
        "Text",
        "temp",
        "1"
      ],
      "formnames": [
        "varname",
        "vartype",
        "saveVarType",
        "param"
      ]
    },
    {
      "type": "response",
      "name": "cashincrement",
      "guid": "26825608-f87a-4dec-9e39-71797ea4a072",
      "reactionFields": [],
      "embedfields": [],
      "outputs": [
        {
          "label": "true",
          "connections": [
            "ab0d9a10-c506-4c37-87eb-b63d125028a4"
          ]
        },
        {
          "label": "false",
          "connections": [
            "1aa5da5e-f67a-418b-adfc-7c246d72e447"
          ]
        }
      ],
      "inputs": [
        {
          "label": "trigger",
          "id": "58187ccf-f7c1-4166-9ee9-1c3f879cddf3"
        }
      ],
      "x": 1623,
      "y": 173,
      "rtype": "Variable",
      "rsubtype": "Check Variable Value",
      "formdata": [
        "botrule",
        "temp",
        "equal to",
        "cashincrement"
      ],
      "formnames": [
        "varname",
        "saveVarType",
        "compare",
        "value"
      ]
    },
    {
      "type": "response",
      "name": "2thot",
      "guid": "9ce992e3-a783-4e6a-a9ac-20226bd4fa94",
      "reactionFields": [],
      "embedfields": [],
      "outputs": [
        {
          "label": "next response",
          "connections": []
        }
      ],
      "inputs": [
        {
          "label": "trigger",
          "id": "5da0b11d-1628-40f5-8c2b-e64f1dbf4fe7"
        }
      ],
      "x": 312,
      "y": 1308,
      "rtype": "Message",
      "rsubtype": "Send Message",
      "formdata": [
        "${dbsVars.CommandChannel.id}",
        "You currently have ¥${tempVars.balance}.",
        "",
        "temp"
      ],
      "formnames": [
        "channelName",
        "messageText",
        "saveToVariable",
        "saveToVariableType"
      ]
    },
    {
      "type": "response",
      "name": "I don't make the rules",
      "guid": "e19e7318-6816-48c9-8676-77b00afbc754",
      "reactionFields": [],
      "embedfields": [],
      "outputs": [
        {
          "label": "has perms",
          "connections": [
            "58187ccf-f7c1-4166-9ee9-1c3f879cddf3"
          ]
        },
        {
          "label": "doesn't have perms",
          "connections": [
            "2f2864a0-7075-435c-8c7e-0601d83b7d93"
          ]
        }
      ],
      "inputs": [
        {
          "label": "trigger",
          "id": "b3521a7b-2cc1-428d-b8d2-01d22e4a9209"
        }
      ],
      "x": 1323,
      "y": 88,
      "rtype": "User Action",
      "rsubtype": "Check User Permissions",
      "formdata": [
        "${dbsVars.CommandAuthor.id}",
        [
          "ADMINISTRATOR"
        ]
      ],
      "formnames": [
        "user",
        "permissions"
      ]
    },
    {
      "type": "response",
      "name": "wait yes I do",
      "guid": "2f2864a0-7075-435c-8c7e-0601d83b7d93",
      "reactionFields": [],
      "embedfields": [],
      "outputs": [
        {
          "label": "next response",
          "connections": []
        }
      ],
      "inputs": [
        {
          "label": "trigger",
          "id": "e19e7318-6816-48c9-8676-77b00afbc754"
        }
      ],
      "x": 1472,
      "y": 174,
      "rtype": "Message",
      "rsubtype": "Send Message",
      "formdata": [
        "${dbsVars.CommandChannel.id}",
        "Error: You need administrator roles for this!",
        "",
        "temp"
      ],
      "formnames": [
        "channelName",
        "messageText",
        "saveToVariable",
        "saveToVariableType"
      ]
    },
    {
      "type": "response",
      "name": "res",
      "guid": "93fcc30e-6084-4e01-860f-52148b9c4a3b",
      "reactionFields": [],
      "embedfields": [],
      "outputs": [
        {
          "label": "next response",
          "connections": []
        }
      ],
      "inputs": [
        {
          "label": "trigger",
          "id": "ab0d9a10-c506-4c37-87eb-b63d125028a4"
        }
      ],
      "x": 1920,
      "y": 235,
      "rtype": "Message",
      "rsubtype": "Send Message",
      "formdata": [
        "${dbsVars.CommandChannel.id}",
        "Money per message has been set to ${serverVars.incremental}",
        "",
        "temp"
      ],
      "formnames": [
        "channelName",
        "messageText",
        "saveToVariable",
        "saveToVariableType"
      ]
    },
    {
      "type": "command",
      "name": "pay",
      "guid": "5b86a4c1-d903-4639-90ab-0938a891b77e",
      "outputs": [
        {
          "label": "responses",
          "connections": [
            "0781921d-b2e4-40ef-aeee-e854fe512645"
          ]
        }
      ],
      "x": 16,
      "y": 1438
    },
    {
      "type": "response",
      "name": "remove mun",
      "guid": "0d7044ef-07e2-45aa-b3c0-ed21096658be",
      "reactionFields": [],
      "embedfields": [],
      "outputs": [
        {
          "label": "next response",
          "connections": [
            "49ee6a0f-2490-4517-94fd-3ee4226bdc54"
          ]
        }
      ],
      "inputs": [
        {
          "label": "trigger",
          "id": "90cf0211-e689-46ac-89c6-4a4ce069530a"
        }
      ],
      "x": 762,
      "y": 1565,
      "rtype": "User Data",
      "rsubtype": "Edit User Data",
      "formdata": [
        "${dbsVars.CommandAuthor.id}",
        "mun",
        "-",
        "${tempVars.flow}"
      ],
      "formnames": [
        "user",
        "field",
        "oper",
        "value"
      ]
    },
    {
      "type": "response",
      "name": "give mun",
      "guid": "49ee6a0f-2490-4517-94fd-3ee4226bdc54",
      "reactionFields": [],
      "embedfields": [],
      "outputs": [
        {
          "label": "next response",
          "connections": [
            "8a2e5292-69db-4a2a-be48-f53b90368891"
          ]
        }
      ],
      "inputs": [
        {
          "label": "trigger",
          "id": "0d7044ef-07e2-45aa-b3c0-ed21096658be"
        }
      ],
      "x": 910,
      "y": 1597,
      "rtype": "User Data",
      "rsubtype": "Edit User Data",
      "formdata": [
        "${tempVars.reciever.id}",
        "mun",
        "+",
        "${tempVars.flow}"
      ],
      "formnames": [
        "user",
        "field",
        "oper",
        "value"
      ]
    },
    {
      "type": "response",
      "name": "reciever",
      "guid": "0781921d-b2e4-40ef-aeee-e854fe512645",
      "reactionFields": [],
      "embedfields": [],
      "outputs": [
        {
          "label": "next response",
          "connections": [
            "d4f4514b-b0e1-4691-8a1f-0365403cd3cd"
          ]
        }
      ],
      "inputs": [
        {
          "label": "trigger",
          "id": "5b86a4c1-d903-4639-90ab-0938a891b77e"
        }
      ],
      "x": 164,
      "y": 1437,
      "rtype": "Variable",
      "rsubtype": "Get Mentioned User",
      "formdata": [
        "reciever",
        "User",
        "temp"
      ],
      "formnames": [
        "varname",
        "vartype",
        "saveVarType"
      ]
    },
    {
      "type": "response",
      "name": "get flow",
      "guid": "d4f4514b-b0e1-4691-8a1f-0365403cd3cd",
      "reactionFields": [],
      "embedfields": [],
      "saveToVariable": "flow",
      "saveToVariableType": "temp",
      "outputs": [
        {
          "label": "next response",
          "connections": [
            "4be847b5-5460-4180-b212-c907237b7cee"
          ]
        }
      ],
      "inputs": [
        {
          "label": "trigger",
          "id": "0781921d-b2e4-40ef-aeee-e854fe512645"
        }
      ],
      "x": 313,
      "y": 1468,
      "rtype": "Variable",
      "rsubtype": "Store Value in Variable",
      "formdata": [
        "flow",
        "Number",
        "temp",
        "2"
      ],
      "formnames": [
        "varname",
        "vartype",
        "saveVarType",
        "param"
      ]
    },
    {
      "type": "command",
      "name": "echo",
      "guid": "0ab64a4a-b370-46f4-acd0-baec4d95e695",
      "outputs": [
        {
          "label": "responses",
          "connections": [
            "8314678d-5ba7-4743-84ae-2eb55009e2b9"
          ]
        }
      ],
      "x": 2357,
      "y": 129
    },
    {
      "type": "response",
      "name": "echoes",
      "guid": "8314678d-5ba7-4743-84ae-2eb55009e2b9",
      "reactionFields": [],
      "embedfields": [],
      "saveToVariable": "echovariable",
      "saveToVariableType": "temp",
      "outputs": [
        {
          "label": "next response",
          "connections": [
            "55e5e3ab-054d-49e0-a693-1cf9da53d5ae"
          ]
        }
      ],
      "inputs": [
        {
          "label": "trigger",
          "id": "0ab64a4a-b370-46f4-acd0-baec4d95e695"
        }
      ],
      "x": 2506,
      "y": 130,
      "rtype": "Variable",
      "rsubtype": "Store Value in Variable",
      "formdata": [
        "echovariable",
        "Text",
        "temp",
        "0"
      ],
      "formnames": [
        "varname",
        "vartype",
        "saveVarType",
        "param"
      ]
    },
    {
      "type": "response",
      "name": "echoing",
      "guid": "f44ba0e4-2e5b-4e9f-bb03-88c3cbf4fd1d",
      "reactionFields": [],
      "embedfields": [],
      "outputs": [
        {
          "label": "next response",
          "connections": []
        }
      ],
      "inputs": [
        {
          "label": "trigger",
          "id": "55e5e3ab-054d-49e0-a693-1cf9da53d5ae"
        }
      ],
      "x": 2802,
      "y": 194,
      "rtype": "Message",
      "rsubtype": "Send Message",
      "formdata": [
        "${dbsVars.CommandChannel.id}",
        "${tempVars.echovariable}",
        "",
        "temp"
      ],
      "formnames": [
        "channelName",
        "messageText",
        "saveToVariable",
        "saveToVariableType"
      ]
    },
    {
      "type": "response",
      "name": "e",
      "guid": "55e5e3ab-054d-49e0-a693-1cf9da53d5ae",
      "reactionFields": [],
      "embedfields": [],
      "outputs": [
        {
          "label": "next response",
          "connections": [
            "f44ba0e4-2e5b-4e9f-bb03-88c3cbf4fd1d"
          ]
        }
      ],
      "inputs": [
        {
          "label": "trigger",
          "id": "8314678d-5ba7-4743-84ae-2eb55009e2b9"
        }
      ],
      "x": 2652,
      "y": 162,
      "rtype": "Channel Action",
      "rsubtype": "Delete All Messages",
      "formdata": [
        "${dbsVars.CommandChannel.id}",
        "1"
      ],
      "formnames": [
        "channelname",
        "msgcount"
      ]
    },
    {
      "type": "command",
      "name": "clear",
      "guid": "73661fe8-4e26-493b-8970-90eef13d5eaf",
      "outputs": [
        {
          "label": "responses",
          "connections": [
            "5f7eb3fe-c208-4e9e-9e38-f73e3225c94b"
          ]
        }
      ],
      "x": 17,
      "y": 832
    },
    {
      "type": "response",
      "name": "clear2",
      "guid": "fbb232eb-f93b-4245-ad3f-01475c7a6eab",
      "reactionFields": [],
      "embedfields": [],
      "outputs": [
        {
          "label": "next response",
          "connections": []
        }
      ],
      "inputs": [
        {
          "label": "trigger",
          "id": "67d7924e-9005-415c-85da-3b6a01c7936b"
        }
      ],
      "x": 762,
      "y": 992,
      "rtype": "Channel Action",
      "rsubtype": "Delete All Messages",
      "formdata": [
        "${dbsVars.CommandChannel.id}",
        "${tempVars.numb}"
      ],
      "formnames": [
        "channelname",
        "msgcount"
      ]
    },
    {
      "type": "response",
      "name": "clear#",
      "guid": "0ce95fa8-abfd-4ed4-885c-a156637ef3ba",
      "reactionFields": [],
      "embedfields": [],
      "saveToVariable": "numb",
      "saveToVariableType": "temp",
      "outputs": [
        {
          "label": "next response",
          "connections": [
            "dfe97bf9-d47b-44c4-8923-9b33b7c6f61c"
          ]
        }
      ],
      "inputs": [
        {
          "label": "trigger",
          "id": "5f7eb3fe-c208-4e9e-9e38-f73e3225c94b"
        }
      ],
      "x": 314,
      "y": 863,
      "rtype": "Variable",
      "rsubtype": "Store Value in Variable",
      "formdata": [
        "numb",
        "Number",
        "temp",
        "1"
      ],
      "formnames": [
        "varname",
        "vartype",
        "saveVarType",
        "param"
      ]
    },
    {
      "type": "response",
      "name": "a paris a paname",
      "guid": "67d7924e-9005-415c-85da-3b6a01c7936b",
      "reactionFields": [],
      "embedfields": [],
      "outputs": [
        {
          "label": "true",
          "connections": [
            "8181708c-78a5-46e8-bb0d-d128c4ec945d"
          ]
        },
        {
          "label": "false",
          "connections": [
            "fbb232eb-f93b-4245-ad3f-01475c7a6eab"
          ]
        }
      ],
      "inputs": [
        {
          "label": "trigger",
          "id": "dfe97bf9-d47b-44c4-8923-9b33b7c6f61c"
        }
      ],
      "x": 612,
      "y": 904,
      "rtype": "Variable",
      "rsubtype": "Check Variable Value",
      "formdata": [
        "numb",
        "temp",
        "greater than",
        "100"
      ],
      "formnames": [
        "varname",
        "saveVarType",
        "compare",
        "value"
      ]
    },
    {
      "type": "response",
      "name": "error",
      "guid": "8181708c-78a5-46e8-bb0d-d128c4ec945d",
      "reactionFields": [],
      "embedfields": [],
      "outputs": [
        {
          "label": "next response",
          "connections": []
        }
      ],
      "inputs": [
        {
          "label": "trigger",
          "id": "67d7924e-9005-415c-85da-3b6a01c7936b"
        }
      ],
      "x": 761,
      "y": 959,
      "rtype": "Message",
      "rsubtype": "Send Message",
      "formdata": [
        "${dbsVars.CommandChannel.id}",
        "Error: You can only delete 99 messages at a time!",
        "",
        "temp"
      ],
      "formnames": [
        "channelName",
        "messageText",
        "saveToVariable",
        "saveToVariableType"
      ]
    },
    {
      "type": "response",
      "name": "permcheckclear",
      "guid": "5f7eb3fe-c208-4e9e-9e38-f73e3225c94b",
      "reactionFields": [],
      "embedfields": [],
      "outputs": [
        {
          "label": "has perms",
          "connections": [
            "0ce95fa8-abfd-4ed4-885c-a156637ef3ba"
          ]
        },
        {
          "label": "doesn't have perms",
          "connections": [
            "68150527-7183-4f61-a8b4-88864ccabd2f"
          ]
        }
      ],
      "inputs": [
        {
          "label": "trigger",
          "id": "73661fe8-4e26-493b-8970-90eef13d5eaf"
        }
      ],
      "x": 164,
      "y": 815,
      "rtype": "User Action",
      "rsubtype": "Check User Permissions",
      "formdata": [
        "${dbsVars.CommandAuthor.id}",
        [
          "MANAGE_MESSAGES"
        ]
      ],
      "formnames": [
        "user",
        "permissions"
      ]
    },
    {
      "type": "response",
      "name": "errrorororororroereiroeroereoreortjsoihbgwurbgsne",
      "guid": "68150527-7183-4f61-a8b4-88864ccabd2f",
      "reactionFields": [],
      "embedfields": [],
      "outputs": [
        {
          "label": "next response",
          "connections": []
        }
      ],
      "inputs": [
        {
          "label": "trigger",
          "id": "5f7eb3fe-c208-4e9e-9e38-f73e3225c94b"
        }
      ],
      "x": 312,
      "y": 965,
      "rtype": "Message",
      "rsubtype": "Send Message",
      "formdata": [
        "${dbsVars.CommandChannel.id}",
        "Error: Your roles lack the ability to manage messages!",
        "",
        "temp"
      ],
      "formnames": [
        "channelName",
        "messageText",
        "saveToVariable",
        "saveToVariableType"
      ]
    },
    {
      "type": "response",
      "name": "add1",
      "guid": "dfe97bf9-d47b-44c4-8923-9b33b7c6f61c",
      "reactionFields": [],
      "embedfields": [],
      "outputs": [
        {
          "label": "next response",
          "connections": [
            "67d7924e-9005-415c-85da-3b6a01c7936b"
          ]
        }
      ],
      "inputs": [
        {
          "label": "trigger",
          "id": "0ce95fa8-abfd-4ed4-885c-a156637ef3ba"
        }
      ],
      "x": 463,
      "y": 897,
      "rtype": "Variable",
      "rsubtype": "Edit Variable",
      "formdata": [
        "numb",
        "temp",
        "+",
        "1"
      ],
      "formnames": [
        "varname",
        "saveVarType",
        "oper",
        "value"
      ]
    },
    {
      "type": "response",
      "name": "success",
      "guid": "8a2e5292-69db-4a2a-be48-f53b90368891",
      "reactionFields": [],
      "embedfields": [],
      "outputs": [
        {
          "label": "next response",
          "connections": []
        }
      ],
      "inputs": [
        {
          "label": "trigger",
          "id": "49ee6a0f-2490-4517-94fd-3ee4226bdc54"
        }
      ],
      "x": 1057,
      "y": 1627,
      "rtype": "Message",
      "rsubtype": "Send Message",
      "formdata": [
        "${dbsVars.CommandChannel.id}",
        "<@${dbsVars.CommandAuthor.id}> has paid ¥${tempVars.flow} to <@${tempVars.reciever.id}>!",
        "",
        "temp"
      ],
      "formnames": [
        "channelName",
        "messageText",
        "saveToVariable",
        "saveToVariableType"
      ]
    },
    {
      "type": "response",
      "name": "welcomechannel",
      "guid": "1aa5da5e-f67a-418b-adfc-7c246d72e447",
      "reactionFields": [],
      "embedfields": [],
      "outputs": [
        {
          "label": "true",
          "connections": [
            "3d797b13-925b-4781-b018-9fad38be790f"
          ]
        },
        {
          "label": "false",
          "connections": []
        }
      ],
      "inputs": [
        {
          "label": "trigger",
          "id": "26825608-f87a-4dec-9e39-71797ea4a072"
        }
      ],
      "x": 1620,
      "y": 308,
      "rtype": "Variable",
      "rsubtype": "Check Variable Value",
      "formdata": [
        "botrule",
        "temp",
        "equal to",
        "welcomechannel"
      ],
      "formnames": [
        "varname",
        "saveVarType",
        "compare",
        "value"
      ]
    },
    {
      "type": "response",
      "name": "check flow is positive",
      "guid": "4be847b5-5460-4180-b212-c907237b7cee",
      "reactionFields": [],
      "embedfields": [],
      "outputs": [
        {
          "label": "true",
          "connections": [
            "90cf0211-e689-46ac-89c6-4a4ce069530a"
          ]
        },
        {
          "label": "false",
          "connections": [
            "c7bd89e6-1f4d-41f9-9e35-2fd20f8b233a"
          ]
        }
      ],
      "inputs": [
        {
          "label": "trigger",
          "id": "d4f4514b-b0e1-4691-8a1f-0365403cd3cd"
        }
      ],
      "x": 463,
      "y": 1476,
      "rtype": "Variable",
      "rsubtype": "Check Variable Value",
      "formdata": [
        "flow",
        "temp",
        "greater than",
        "0"
      ],
      "formnames": [
        "varname",
        "saveVarType",
        "compare",
        "value"
      ]
    },
    {
      "type": "response",
      "name": "check adequate funds",
      "guid": "90cf0211-e689-46ac-89c6-4a4ce069530a",
      "reactionFields": [],
      "embedfields": [],
      "outputs": [
        {
          "label": "true",
          "connections": [
            "0d7044ef-07e2-45aa-b3c0-ed21096658be"
          ]
        },
        {
          "label": "false",
          "connections": [
            "b3c11037-f5a9-4bdc-8195-b44fc4c3aec9"
          ]
        }
      ],
      "inputs": [
        {
          "label": "trigger",
          "id": "4be847b5-5460-4180-b212-c907237b7cee"
        }
      ],
      "x": 611,
      "y": 1509,
      "rtype": "User Data",
      "rsubtype": "Check User Data",
      "formdata": [
        "${dbsVars.CommandAuthor.id}",
        "mun",
        "greater than",
        "${tempVars.flow}"
      ],
      "formnames": [
        "user",
        "field",
        "compare",
        "value"
      ]
    },
    {
      "type": "response",
      "name": "don't steal, kids",
      "guid": "c7bd89e6-1f4d-41f9-9e35-2fd20f8b233a",
      "reactionFields": [],
      "embedfields": [],
      "outputs": [
        {
          "label": "next response",
          "connections": []
        }
      ],
      "inputs": [
        {
          "label": "trigger",
          "id": "4be847b5-5460-4180-b212-c907237b7cee"
        }
      ],
      "x": 612,
      "y": 1563,
      "rtype": "Message",
      "rsubtype": "Send Message",
      "formdata": [
        "${dbsVars.CommandChannel.id}",
        "I see what you're trying to do, and I don't like it.",
        "",
        "temp"
      ],
      "formnames": [
        "channelName",
        "messageText",
        "saveToVariable",
        "saveToVariableType"
      ]
    },
    {
      "type": "response",
      "name": "haha poor",
      "guid": "b3c11037-f5a9-4bdc-8195-b44fc4c3aec9",
      "reactionFields": [],
      "embedfields": [],
      "outputs": [
        {
          "label": "next response",
          "connections": []
        }
      ],
      "inputs": [
        {
          "label": "trigger",
          "id": "90cf0211-e689-46ac-89c6-4a4ce069530a"
        }
      ],
      "x": 761,
      "y": 1596,
      "rtype": "Message",
      "rsubtype": "Send Message",
      "formdata": [
        "${dbsVars.CommandChannel.id}",
        "Uh... You don't seem to have enough funds for that...",
        "",
        "temp"
      ],
      "formnames": [
        "channelName",
        "messageText",
        "saveToVariable",
        "saveToVariableType"
      ]
    }
  ]
}